Αιτωλοακαρνανίας-Αγρίνιο,2641053139 - ΑΒ,21.41943,38.6177,30100,Αγρίνιο,Πανεπιστημίου + Δελφών,
Αιτωλοακαρνανίας-Αγρίνιο,2641020440 - ΑΒ,21.40724,38.62585,30100,Αγρίνιο,Σουλίου,18
Αιτωλοακαρνανίας-Αγρίνιο-Άγιος Ιερόθεος,2641053509 - ΑΒ,21.39649,38.62958,30100,Αγρίνιο,Αργυροκάστρου,54
Αιτωλοακαρνανίας-Μεσολόγγι,2631028866 - AB,21.43087,38.37576,30200,Μεσολόγγι,Παπαδιαμαντοπούλου + Πετρουλα,
Αργολίδας-Άργος,2751069157 - ΑΒ,22.75157,37.62308,21200,Άργος,Ε.Ο. Άργους-Ναυπλίου,
Αργολίδας-Επίδαυρος,2753096539 - City,23.14132,37.62863,,Επίδαυρος,Επιδαύρου - Κοστα,
Αργολίδας-Ναύπλιο,2752047138 - AB,22.80323,37.56709,21100,Ναύπλιο,Μπουμπουλίνας + Νέας Κίου,
Αργολίδας-Πόρτο Χέλι,2754029756 - AB,23.14464,37.32811,21300,Πόρτο Χέλι,Επ. Οδός Πόρτο Χέλι-Κόστα,
Αρκαδίας-Τρίπολη,2710234611 - ΑΒ,22.38244,37.50962,22100,Τρίπολη,Ναυπλίου,39
Άρτας-Άρτα-Άγιος Δημήτριος,2681082080 - ΑΒ,21.01155,39.15934,47100,Άρτα,Κόμβος Ιόνιας Οδού,
Άρτας-Άρτα-Ελεούσα,2681051691 - ΑΒ,20.96124,39.15552,47100,Άρτα,2ο χλμ. Ε.Ο. Άρτας-Ιωαννίνων,
Αττικής-Αγία Βαρβάρα,2105615108 - ΑΒ,23.6582,37.98648,12351,Αγ. Βαρβάρα,Λεωφ. Ελ. Βενιζέλου,95
Αττικής-Αγία Παρασκευή,2106083064 - ΑΒ,23.82381,38.0136,15343,Αγ. Παρασκευή,Λεωφ. Μεσογείων,430
Αττικής-Αγία Παρασκευή,2106548094 - ΑΒ,23.80518,38.00862,15562,Αγ. Παρασκευή,Λεωφ. Μεσογείων,316
Αττικής-Άγιος Δημήτριος,2109769556 - AB,23.74076,37.93942,17343,Άγιος Δημήτριος,Λεωφ. Βουλιαγμένης,276
Αττικής-Άγιος Δημήτριος,2109373734 - AB,23.72044,37.93363,17341,Άγιος Δημήτριος,Κομνηνών,1
Αττικής-Άγιος Ιωάννης Ρέντης,2104930237 - AB,23.66622,37.97416,18233,Άγιος Ιωάννης Ρέντης,Θηβών,226
Αττικής-Αθήνα,2108660842 - City,23.73055,38.00607,11253,Αθήνα,Φυλής,245
Αττικής-Αθήνα-Άγιος Νικόλαος,2108547242 - AB,23.72413,38.00447,10445,Αθήνα,Δεμερτζή,16
Αττικής-Αθήνα-Αμπελόκηποι,2106926600 - AB,23.76348,37.99478,11524,Αθήνα,Κονοπισοπούλου,18
Αττικής-Αθήνα-Αμπελόκηποι,2106470683 - City,23.75681,37.99177,11522,Αθήνα,Δημητσάνας,25
Αττικής-Αθήνα-Αμπελόκηποι,2106925113 - Food Market,23.76801,37.99243,11526,Αθήνα,Σεβαστουπόλεως,118
Αττικής-Αθήνα-Γκύζη,2106466852 - City,23.74613,37.99082,11474,Αθήνα,Βαρβάκη,24
Αττικής-Αθήνα-Γκύζη,2106400721 - AB,23.74932,37.99555,11474,Αθήνα,Πριγκιπονήσων,10
Αττικής-Αθήνα-Γουδί,2107704811 - ΑΒ,23.77031,37.98212,15773,Αθήνα,Κονίτσης,1
Αττικής-Αθήνα-Εξάρχεια,2103817060 - City,23.73852,37.98625,11473,Αθήνα,Καλλιδρομίου,32
Αττικής-Αθήνα-Ιλίσια,2107488529 - City,23.75763,37.97795,11528,Αθήνα,Νυμφαίου + Λαοδικείας,
Αττικής-Αθήνα-Κολωνός,2105128120 - City,23.7125,37.99506,10442,Αθήνα,Λένορμαν,151
Αττικής-Αθήνα-Κουκάκι,2109211421 - City,23.71802,37.96307,11741,Κουκάκι,Γενναίου Κολοκοτρώνη,16
Αττικής-Αθήνα-Κουκάκι,2109238142 - Shop n Go,23.72028,37.96289,11741,Αθήνα,Μπελες,1
Αττικής-Αθήνα-Κουκάκι,2109212183 - Shop n Go,23.72582,37.96548,11742,Αθήνα,Ν. Δημητρακοπούλου,44
Αττικής-Αθήνα-Κυψέλη,2108641278 - ΑΒ,23.7351,38.00871,11256,Αθήνα,28ης Οκτωβρίου,240
Αττικής-Αθήνα-Κυψέλη,2108253235 - ΑΒ,23.73578,37.99982,11257,Αθήνα,Αγ. Μελετίου,35
Αττικής-Αθήνα-Κυψέλη,2108619375 - City,23.74163,38.00341,11364,Αθήνα,Φαιδριάδων,4
Αττικής-Αθήνα-Κυψέλη,2108226160 - ΑΒ,23.73993,37.99734,11362,Αθήνα,Κερκύρας,28
Αττικής-Αθήνα-Νεάπολη,2106463612 - AB,23.74493,37.98829,11472,Αθήνα,Πετρόμπεη Μαυρομιχάλη,157
Αττικής-Αθήνα-Νέος Κόσμος,2109234007 - AB,23.73394,37.96287,11636,Αθήνα,Λεωφ. Βουλιαγμένης,69
Αττικής-Αθήνα-Ομόνοια,2105233470 - City,23.72854,37.98838,10433,Αθήνα,Μάρνη,24
Αττικής-Αθήνα-Παγκράτι,2107258913 - ΑΒ,23.74762,37.97185,11634,Αθήνα,Σπ. Μερκούρη,38
Αττικής-Αθήνα-Παγκράτι,2107518711 - AB,23.74746,37.96542,11633,Αθήνα,Αλκέτου,5
Αττικής-Αθήνα-Πατήσια,2102111615 - ΑΒ,23.73553,38.01882,11141,Αθήνα,28ης Οκτωβρίου,342
Αττικής-Αθήνα-Πατήσια,2102586132 - ΑΒ,23.73418,38.02508,11443,Αθήνα,Μονής Σέλτσου + Παντ. Μακρή,
Αττικής-Αθήνα-Πατήσια,2108322018 - AB,23.72378,38.01283,10445,Αθήνα,Στρατηγού Καλλάρη,45
Αττικής-Αθήνα-Πατήσια,2102934988 - AB,23.74926,38.0251,11142,Αθήνα,Συρακουσών,56
Αττικής-Αθήνα-Ρουφ,2103469071 - ΑΒ,23.71123,37.97444,11854,Αθήνα,Κειριάδων,12
Αττικής-Αιγάλεω,2105444043 - ΑΒ,23.68083,37.98218,12241,Αιγάλεω,Λεωφ. Κηφισού,94
Αττικής-Αιγάλεω,2105313901 - ΑΒ,23.67722,37.9928,12244,Αιγάλεω,Ιερά Οδός,261
Αττικής-Αιγάλεω,2105987772 - City,23.68304,37.99027,12241,Αιγάλεω,Μ. Μπότσαρη,60
Αττικής-Άλιμος,2109801905 - AB,23.7203,37.91862,17455,Άλιμος,Λεωφ. Καλαμακίου,93
Αττικής-Ανάβυσσος,2291078040 - City,23.94329,37.72472,19013,Ανάβυσσος,Κων. Καραμανλή,2
Αττικής-Άνω Λιόσια,2102470700 - ΑΒ,23.70804,38.08648,13341,Άνω Λιόσια,Πίνδου + Πηνειού,
Αττικής-Αργυρούπολη,2109939033 - AB,23.75446,37.91194,16451,Αργυρούπολη,Αργυρουπόλεως,63
Αττικής-Ασπρόπυργος,2105575959 - City,23.59089,38.06183,19300,Ασπρόπυργος,Ισιδώρου Τσίγκου,
Αττικής-Αυλώνας,2295044121 - Food Market,23.70158,38.24843,,Αυλώνας,,
Αττικής-Αχαρνές,2102467058 - ΑΒ,23.72589,38.08596,13671,Αχαρνές,Κίου,3
Αττικής-Αχαρνές,2102446661 - AB,23.73954,38.07437,13671,Αχαρνές,Φιλαδελφείας,83
Αττικής-Αχαρνές,2102476005 - ΑΒ,23.76378,38.08415,13671,Αχαρνές,Λεωφ. Κων. Καραμανλή,38
Αττικής-Αχαρνές,2102449780 - ΑΒ,23.7389,38.06822,13671,Αχαρνές,Φιλαδελφείας,101
Αττικής-Βάρη,2108991803 - ΑΒ,23.79481,37.83396,16672,Βάρη,Κερκύρας,
Αττικής-Βριλήσσια,2106134226 - Shop n Go,23.84355,38.04398,15235,Βριλήσσια,Αναπαύσεως,14
Αττικής-Βριλήσσια,2106084034 - ΑΒ,23.8315,38.02664,15235,Βριλήσσια,Τενέδου + Μακεδονίας,
Αττικής-Βριλήσσια,2106139445 - ΑΒ,23.82986,38.03961,15235,Βριλήσσια,Λεωφ. Πεντέλης,39
Αττικής-Βύρωνας,2107640800 - City,23.75138,37.96121,16232,Βύρωνας,Κ. Κανάρη,28
Αττικής-Βύρωνας,2107600042 - ΑΒ,23.76192,37.95692,16233,Βύρωνας,Καραολή και Δημητρίου,34
Αττικής-Βύρωνας-Καρέας,2107608672 - City,23.77357,37.94586,16233,Βύρωνας,28ης Οκτωβρίου,2
Αττικής-Γαλάτσι ,2102139261 - Shop n Go,23.74758,38.01022,11147,Γαλάτσι,Αγ. Γλυκερίας,46
Αττικής-Γαλάτσι,2102134954 - City,23.7509,38.01566,11146,Γαλάτσι,Καραϊσκάκη,19
Αττικής-Γλυκά Νερά,2106042078 - ΑΒ,23.84858,37.98645,15354,Γλυκά Νερά,Λεωφ. Λαυρίου,160
Αττικής-Γλυκά Νερά,2106041966 - AB,23.84879,37.99295,15354,Γλυκά Νερά,Λεωφ. Λαυρίου,115
Αττικής-Γλυφάδα,2108943491 - AB,23.75333,37.85852,16674,Γλυφάδα,Λαζαράκη,59
Αττικής-Γλυφάδα,2109628097 - AB,23.76417,37.87497,16674,Γλυφάδα,Δημ. Γούναρη,163
Αττικής-Ελευσίνα,2105549853 - ΑΒ,23.53556,38.0475,19200,Ελευσίνα,Πλ. Εθνικής Αντιστάσεως,
Αττικής-Ελληνικό,2109634402 - ΑΒ,23.7482,37.89175,16777,Ελληνικό,Λεωφ. Βουλιαγμένης,43
Αττικής-Ζωγράφος,2107714447 - ΑΒ,23.77732,37.975,15772,Ζωγράφος,Γρ. Κουσίδη,28
Αττικής-Ζωγράφος,2107753030 - City,23.7631,37.97638,15771,Ζωγράφος,Περιάνδρου,46
Αττικής-Ηλιούπολη,2109956201 - ΑΒ,23.75671,37.93183,16341,Ηλιούπολη,Πλ. Εθν. Αντιστάσεως,7
Αττικής-Ηλιούπολη,Shop n Go,23.74848,37.944,16345,Ηλιούπολη,Λεωφ. Μαρ. Αντύπα,21
Αττικής-Ηλιούπολη,2109701723 - ΑΒ,23.75478,37.94033,16345,Ηλιούπολη,Λεωφ. Α. Παπανδρέου,33
Αττικής-Ηράκλειο,2102834360 - ΑΒ,23.78274,38.0487,14121,Ηράκλειο,Λεωφ. Κύμης + Νικ. Σκουφά,
Αττικής-Ίλιον,2102611000 - City,23.71063,38.03707,13122,Ίλιον,Ιπποδάμειας,87
Αττικής-Ίλιον,2105065136 - AB,23.69336,38.03684,13231,Ίλιον,25ης Μαρτίου,179
Αττικής-Ίλιον-Παλατιανή,2102639110 - AB,23.70016,38.02955,13121,Ίλιον,Θηβών + Ιδομενέως,
Αττικής-Ίλιον-Ραδιοφωνία,2105010777 - AB,23.69824,38.04678,13123,Ίλιον,Αγ. Νικολάου,108
Αττικής-Καισαριανή,2107225740 - AB,23.76521,37.96718,16122,Καισαριανή,Λεωφ. Εθν. Αντίστασης,143
Αττικής-Καλλιθέα,2109510025 - City,23.69693,37.96027,17675,Καλλιθέα,Πατρ. Γρηγορίου Ε,75
Αττικής-Καλλιθέα,2109587914 - ΑΒ,23.70207,37.95498,17673,Καλλιθέα,Πλάτωνος,9
Αττικής-Καλλιθέα,2109563063 - City,23.69657,37.95234,17673,Καλλιθέα,Λεωφ. Ελ. Βενιζέλου,223
Αττικής-Καλλιθέα,2109405524 - ΑΒ,23.68847,37.94759,17674,Καλλιθέα,Λεωφ. Ελευθ. Βενιζέλου,284
Αττικής-Καλλιθέα,2109664013 - ΑΒ,23.70391,37.95538,17672,Καλλιθέα,Γρυπάρη,141
Αττικής-Καλύβια,2291027153 - Food Market,23.89504,37.8002,19010,Καλύβια,Λεωφ. Καλυβίων,501
Αττικής-Καλύβια,2299046116 - Food Market,23.92818,37.83979,19010,Καλύβια,28ης Οκτωβρίου,6
Αττικής-Καπανδρίτι,2295052970 - ΑΒ,23.87616,38.22394,19014,Καπανδρίτι,Λεωφ. Καλάμου,72
Αττικής-Κερατσίνι,2104319282 - City,23.62223,37.96859,18757,Κερατσίνι,Λεωφ. Παν. Τσαλδάρη,76
Αττικής-Κερατσίνι,2104319640 - ΑΒ,23.62665,37.97612,18758,Κερατσίνι,Λεωφ. Γρηγ. Λαμπράκη,402
Αττικής-Κηφισιά,2108082812 - ΑΒ,23.81359,38.07221,14561,Κηφισιά,Λεβίδου,2
Αττικής-Κηφισιά,2108082201 - ΑΒ,23.81659,38.08595,14564,Κηφισιά,Λεωφ. Κηφίσιας ,326
Αττικής-Κορυδαλλός,2105625800 - ΑΒ,23.65848,37.9797,18121,Κορυδαλλός,Γρηγ. Λαμπράκη,102
Αττικής-Κορυδαλλός,2104951435 - ΑΒ,23.65436,37.97608,18120,Κορυδαλλός,Σερρών,6
Αττικής-Κορυδαλλός,2104950985 - City,23.64246,37.98618,18122,Κορυδαλλός,Κρόνου,17
Αττικής-Κορωπί,2106022305 - ΑΒ,23.87446,37.90889,19400,Κορωπί,Αττικής 26-28 + Χρ. Παύλου,
Αττικής-Κορωπί,2106620316 - Shop n Go,23.86754,37.87721,19400,Κορωπί,8ο χλμ. Βάρης-Κορωπίου,
Αττικής-Λυκόβρυση,2102819187 - ΑΒ,23.78574,38.07134,14123,Λυκόβρυση,Λεωφ. Σοφ. Βενιζέλου,49
Αττικής-Μαρκόπουλο,2299041012 - ΑΒ,23.93791,37.88566,19003,Μαρκόπουλο,Λεωφ. Πόρτο Ράφτη,34
Αττικής-Μαρούσι,2108067501 - City,23.80104,38.0615,15122,Μαρούσι,Βασ. Αλεξάνδρου,18
Αττικής-Μαρούσι,2106820741 - ΑΒ,23.78893,38.02463,15123,Μαρούσι,Λεωφ. Κηφισίας + Λεωφ. Καποδιστρίου,
Αττικής-Μαρούσι,2106126551 - AB,23.80713,38.05351,15124,Μαρούσι,Χατζηαντωνίου,9
Αττικής-Μέγαρα,2296027558 - ΑΒ,23.33573,38.00731,19100,Μέγαρα,Οδός Μεγάρων-Αλεποχωρίου,
Αττικής-Μελίσσια,2106139906 - ΑΒ,23.83058,38.05156,15127,Μελίσσια,Καλαμπόκη,2
Αττικής-Μεταμόρφωση,2102838440 - City,23.76094,38.06168,14452,Μεταμόρφωση,Γεωρ. Παπανδρέου,47
Αττικής-Μεταμόρφωση,2102843456 - City,23.75763,38.05775,15126,Μεταμόρφωση,Πευκών,26
Αττικής-Νέα Ερυθραία,2106229070 - ΑΒ,23.82761,38.11525,14671,Νέα Ερυθραία,Λεωφ. Ερυθραίας,
Αττικής-Νέα Ιωνία,2102772181 - ΑΒ,23.75942,38.04688,14231,Νέα Ιωνία,Λεωφ. Ηρακλείου,350
Αττικής-Νέα Ιωνία-Καλογρέζα,2102797886 - ΑΒ,23.76636,38.03815,14234,Νέα Ιωνία,Μουταλάσκη,53
Αττικής-Νέα Ιωνία-Περισσός,2102514764 - ΑΒ,23.74834,38.03557,14231,Νέα Ιωνία,Αβέρωφ,38
Αττικής-Νέα Μάκρη,2294096547 - ΑΒ,23.9764,38.0877,19005,Νέα Μάκρη,Λεωφ. Μαραθώνος,124
Αττικής-Νέα Σμύρνη,2109353173 - ΑΒ,23.71165,37.94745,17121,Νέα Σμύρνη,25ης Μαρτίου,5
Αττικής-Νέα Φιλαδέλφεια,2102587195 - AB,23.74234,38.04289,14342,Νέα Φιλαδέλφεια,Λεωφ. Δεκελείας,175
Αττικής-Νέα Χαλκηδόνα,2102586170 - City,23.73476,38.02979,14343,Νέα Χαλκηδόνα,Λεωφ. Δεκελείας,33
Αττικής-Νίκαια,2104256297 - ΑΒ,23.64067,37.976,18451,Νίκαια,Ελλησπόντου,2
Αττικής-Παλαιό Φάληρο,2109411222 - ΑΒ,23.69647,37.93422,17564,Παλαιό Φάληρο,Αγ. Κυριακής,5
Αττικής-Παλαιό Φάληρο,2109802002 - AB,23.70229,37.93098,17562,Παλαιό Φάληρο,Λεωφ. Αμφιθέας,96
Αττικής-Παλαιό Φάληρο,2109842227 - AB,23.69983,37.92186,17562,Παλαιό Φάληρο,Αχιλλέως,10
Αττικής-Παλλήνη,2106030461 - City,23.87056,38.00524,15351,Παλλήνη,Λεωφ. Μαραθώνος,4
Αττικής-Παπάγος,2106510603 - ΑΒ,23.78653,37.98387,15669,Παπάγος,Πίνδου,116
Αττικής-Πειραιάς,2104190410 - City,23.64535,37.94577,18531,Πειραιάς,Νικήτα,14
Αττικής-Πειραιάς,2104909003 - ΑΒ,23.64942,37.9615,18542,Πειραιάς,25ης Μαρτίου + Μουρούζη,
Αττικής-Πειραιάς-Καμίνια,2104625572 - AB,23.638,37.9494,18545,Πειραιάς,Ακτή Κονδύλη,44
Αττικής-Πειραιάς-Καστέλλα,2104223761 - ΑΒ,23.65653,37.93687,18533,Πειραιάς,Λεωφ. Αλέξ. Παπαναστασίου,21
Αττικής-Περιστέρι,2105780628 - ΑΒ,23.68904,38.0085,12131,Περιστέρι,Καρπενησίου,25
Αττικής-Περιστέρι,2105719823 - City,23.71586,38.01203,12133,Περιστέρι,Στ. Γονατά,32
Αττικής-Περιστέρι-Άγιος Αντώνιος,2105770538 - ΑΒ,23.70168,38.00475,12132,Περιστέρι,Εθνάρχου Μακαρίου,54
Αττικής-Περιστέρι-Ανθούπολη,2105745002 - City,23.68434,38.02855,12135,Περιστέρι,Πλ. Αγ. Γεωργίου,3
Αττικής-Περιστέρι-Νέα Σεπόλια,2105777742 - ΑΒ,23.69576,38.02075,12133,Περιστέρι,Φαρσάλων,43
Αττικής-Πεύκη,2106129474 - ΑΒ,23.78699,38.05984,15121,Πεύκη,Λεωφ. Ειρήνης,48
Αττικής-Πικέρμι,2106038350 - ΑΒ,23.93894,38.00124,19009,Πικέρμι,Λεωφ. Μαραθώνος,22
Αττικής-Σπάτα,2106630510 - ΑΒ,23.92675,37.96101,19004,Σπάτα,Χρ. Μπέκα + Λίγκου,
Αττικής-Σπάτα-Αεροδρόμιο,2103542380 - Shop n Go,23.93378,37.92632,19019,Σπάτα,Αττική Οδός,
Αττικής-Σταμάτα,2106215571 - ΑΒ,23.86499,38.12208,14575,Σταμάτα,Λεωφ. Δροσιάς-Σταμάτας,31
Αττικής-Υμηττός,2109758570 - AB,23.74133,37.95058,17237,Υμηττός,Λεωφ. Ηλιουπόλεως,4
Αττικής-Χαϊδάρι,2105810570 - Shop n Go,23.65585,38.01263,12462,Χαϊδάρι,Λεωφ. Αθηνών,292
Αττικής-Χαϊδάρι,2105322781 - ΑΒ,23.66322,38.01269,12461,Χαϊδάρι,Λεωφ. Αθηνών,242
Αττικής-Χαλάνδρι,2106713036 - City,23.79406,38.01105,15231,Χαλάνδρι,Χίου,53
Αττικής-Χαλάνδρι,2106725284 - ΑΒ,23.78978,38.01387,15231,Χαλάνδρι,Λέσβου,5
Αττικής-Χαλάνδρι,2106898951 - ΑΒ,23.81251,38.0275,15233,Χαλάνδρι,Λεωφ. Πεντέλης,84
Αττικής-Χολαργός,2106532902 - ΑΒ,23.79939,37.99831,15561,Χολαργός,Λεωφ. Περικλέους,56
Αττικής-Ψυχικό,2106778986 - City,23.77482,38.01583,15452,Ψυχικό,Καμπούρογλου,10
Αττικής-Ψυχικό,2106718000 - ΑΒ,23.77538,38.0043,15451,Ψυχικό,Ολυμπιονικών,228
Αττικής-Ωρωπός,2295037680 - ΑΒ,23.77258,38.3247,19015,Ωρωπός,Λεωφ. Χαλκουτσίου + Φαφούτη,
Αχαΐας-Αίγιο,2691020589 - ΑΒ,22.09004,38.24746,25100,Αίγιο,Αιγιαλείας,70
Αχαΐας-Αίγιο,2691068194 - Food Market,22.07919,38.25041,25100,Αίγιο,Μητροπόλεως,82
Αχαΐας-Πάτρα,2610335727 - ΑΒ,21.73582,38.21698,26332,Πάτρα,Ευβοίας,190
Αχαΐας-Πάτρα,2610324564 - City,21.73009,38.24064,26222,Πάτρα,Ναυαρίνου + Παπαφλέσσα,
Αχαΐας-Πάτρα,2610451532 - ΑΒ,21.74981,38.26149,,Πάτρα,Ν.Ε.Ο. Αθηνών-Πατρών + Αμερικής,
Αχαΐας-Πάτρα,2610317090 - ΑΒ,21.72489,38.2321,26442,Πάτρα,Ακτή Δυμαίων + Ελ. Βενιζέλου,
Αχαΐας-Πάτρα,2610435035 - ΑΒ,21.74221,38.25628,26442,Πάτρα,Εγνατίας,3
Βοιωτίας-Θήβα,2262026201 - AB,23.31483,38.31527,32200,Θήβα,Αγ. Τριάδος,28
Βοιωτίας-Λιβαδειά,2261021422 - AB,22.87439,38.44584,32100,Λιβαδειά,,
Βοιωτίας-Λιβαδειά,2261025043 - Food Market,22.87881,38.43745,32100,Λιβαδειά,Καραγιαννοπούλου,42
Δράμας-Δράμα,2521038915 - ΑΒ,24.13687,41.14628,66100,Δράμα,1ο χλμ. Δράμας-Θεσ/νίκης,
Δωδεκανήσου-Κως,2242048322 - Food Market,27.28207,36.90256,85300,Κως,Κων. Κανάρη + Σοφ. Βενιζέλου,
Δωδεκανήσου-Κως,2242068840 - ΑΒ,27.21912,36.87711,85300,Κως,7ο χλμ. Επ. Οδ. Κω-Κέφαλου,
Δωδεκανήσου-Κως-Αγία Μαρίνα,2242049512 - Food Market,27.29678,36.88893,85300,Κως,Παπαθεοφάνους + Λαουμτζή,
Δωδεκανήσου-Κως-Μαρμαρωτό,2242027401 - ΑΒ,27.27203,36.89197,85300,Κως,2ο χλμ. Επ. Οδ. Κω-Χωρίων,
Δωδεκανήσου-Ρόδος,2241069983 - ΑΒ,28.2045,36.40304,85100,Ρόδος,5ο χλμ. Ρόδου-Λίνδου,
Δωδεκανήσου-Ρόδος-Φαληράκι,2241087982 - Food Market,28.1985,36.34229,85100,Φαληράκι,14ο χλμ. Λεωφ. Ρόδου-Λίνδου,
Έβρου-Αλεξανδρούπολη,2551080831 - AB,25.87228,40.85519,68100,Αλεξανδρούπολη,Ανδρόνικου,37
Έβρου-Αλεξανδρούπολη,2551023410 - City,25.87043,40.84517,68100,Αλεξανδρούπολη,Κων. Παλαιολόγου,72
Έβρου-Αλεξανδρούπολη,2551087048 - City,25.87022,40.8419,68100,Αλεξανδρούπολη,Μεγ. Αλεξάνδρου + Έλλης,
Έβρου-Αλεξανδρούπολη,2551029767 - AB,25.86418,40.84899,68100,Αλεξανδρούπολη,Κίρκης,17
Έβρου-Αλεξανδρούπολη,2551080710 - City,25.87735,40.84773,68100,Αλεξανδρούπολη,Αίνου,1
Έβρου-Ορεστιάδα,2552021426 - ΑΒ,26.5269,41.50333,68200,Ορεστιάδα,Βασ. Κωνσταντίνου,144
Εύβοιας-Αυλίδα-Βαθύ,2221033264 - Food Market,23.6057,38.40717,34100,Βαθύ Αυλίδας,Φάρου,9
Εύβοιας-Δροσιά Ανθηδώνος,2221097044 - Food Market,23.54849,38.48353,34100,Δροσιά Ανθηδωνος,Κοντογιαννη Ευαγ.,
Εύβοιας-Χαλκίδα,2221075669 - ΑΒ,23.60905,38.4696,34100,Χαλκίδα,Λεωφ. Χαϊνά,271
Εύβοιας-Χαλκίδα,2221089721 - ΑΒ,23.62286,38.47381,34100,Χαλκίδα,Λεωφ. Χαινά + Άνδρου,
Εύβοιας-Χαλκίδα,2221087769 - City,23.59584,38.463,34100,Χαλκίδα,Νεοφύτου + Κοτοπούλη,
Ηλείας-Πύργος,2621023001 - AB,21.42018,37.68201,27100,Πύργος,95ο χλμ. Ε.Ο. Πατρών-Πύργου,
Ημαθίας-Βέροια,2331064813 - ΑΒ,22.21584,40.52669,59100,Βέροια,1ο χλμ. Νέας Περιφ. Οδού,
Ηρακλείου-Ηράκλειο,2810373020 - ΑΒ,25.11087,35.3302,71304,Ηράκλειο,Λεωφ. 62 Μαρτύρων,191
Ηρακλείου-Ηράκλειο,2810314414 - AB,25.12506,35.3248,71305,Ηράκλειο,Μαιάνδρου + Πετρακογιώργη,
Ηρακλείου-Ηράκλειο,2810300010 - ΑΒ,25.13985,35.33894,71307,Ηράκλειο,Λεωφ. Ικάρου,26
Ηρακλείου-Ηράκλειο,2810327540 - ΑΒ,25.14474,35.31866,71409,Ηράκλειο,Κνωσού,172
Θεσσαλονίκης-Αμπελόκηποι,2310720052 - ΑΒ,22.91921,40.65293,56121,Αμπελόκηποι,Μαραθώνος,16
Θεσσαλονίκης-Αμπελόκηποι-Επτάλοφος,2310736643 - City,22.92294,40.65556,56121,Αμπελόκηποι,Πανταζόπουλου,20
Θεσσαλονίκης-Εύοσμος,2310778600 - ΑΒ,22.90439,40.66713,56224,Εύοσμος,Περικλέους,28
Θεσσαλονίκης-Θεσσαλονίκη,2310542346 - City,22.94344,40.64048,54630,Θεσσαλονίκη,Πλ. Κυπρίων Αγωνιστών,14
Θεσσαλονίκης-Θεσσαλονίκη,2310888420 - AB,22.95762,40.61303,54641,Θεσσαλονίκη,Δελφών,47
Θεσσαλονίκης-Θεσσαλονίκη,2310944115 - City,22.97065,40.60722,54453,Θεσσαλονίκη,Παπάφη,209
Θεσσαλονίκης-Θεσσαλονίκη,2310843332 - City,22.95254,40.60704,54642,Θεσσαλονίκη,Ν . Μάνου,4
Θεσσαλονίκης-Θεσσαλονίκη,2310865341 - City,22.95401,40.6042,54645,Θεσσαλονίκη,Π. Συνδικα,16
Θεσσαλονίκης-Θεσσαλονίκη-Ντεπώ,2310833550 - City,22.95639,40.60002,54645,Θεσσαλονίκη,25ης Μαρτίου,37
Θεσσαλονίκης-Θεσσαλονίκη-Τούμπα,2310949449 - AB,22.98099,40.60819,54454,Θεσσαλονίκη,Επιδαύρου,49
Θεσσαλονίκης-Θεσσαλονίκη-Τούμπα,2310930201 - ΑΒ,22.96732,40.61971,54351,Θεσσαλονίκη,Γρ. Λαμπράκη,25
Θεσσαλονίκης-Θεσσαλονίκη-Χαριλάου,2310023110 - City,22.96604,40.59754,54249,Θεσσαλονίκη,Δημ. Γληνού,23
Θεσσαλονίκης-Καλαμαριά,2310471183 - ΑΒ,22.98305,40.55243,57001,Καλαμαριά,Γεωργικής Σχολής,
Θεσσαλονίκης-Καλαμαριά,2310441650 - AB,22.96544,40.59677,55535,Καλαμαριά,Κων. Καραμανλή,44
Θεσσαλονίκης-Καλαμαριά,2310422553 - ΑΒ,22.95002,40.59285,55131,Καλαμαριά,Θεμ. Σοφούλη,54
Θεσσαλονίκης-Καλαμαριά-Βυζάντιο,2310458971 - ΑΒ,22.96138,40.58768,55133,Καλαμαριά,Εθν. Αντιστάσεως,18
Θεσσαλονίκης-Πανόραμα,2310331162 - AB,23.03974,40.59126,55236,Πανόραμα,Κομνηνών,34
Θεσσαλονίκης-Πολίχνη,2310587181 - ΑΒ,22.93905,40.67641,56429,Πολίχνη,Λαγκαδά,264
Θεσσαλονίκης-Σταυρούπολη,2310653940 - AB,22.93148,40.65841,56430,Σταυρούπολη,Κολοκοτρώνη,22
Θεσσαλονίκης-Ωραιόκαστρο,2310690884 - ΑΒ,22.91528,40.72569,57013,Ωραιόκαστρο,Αλέξ. Υψηλάντη,30
Ιωαννίνων-Ανατολή,2651002453 - AB,20.8618,39.62291,45500,Ανατολή,Ε.Ο. Άρτας-Ιωαννίνων + Ιωαννίνων,
Ιωαννίνων-Ιωάννινα,2651070646 - City,20.85848,39.65981,45221,Ιωάννινα,Αρχ. Μακαρίου + Γ. Γεννηματά,
Ιωαννίνων-Ιωάννινα,2651065282 - ΑΒ,20.83449,39.68364,45445,Ιωάννινα,Λεωφ. Γράμμου ,28
Ιωαννίνων-Ιωάννινα,2651027746 - ΑΒ,20.85481,39.66223,45221,Ιωάννινα,Αγ. Μαρίνας,24
Καβάλας-Καβάλα,2510830588,24.43489,40.94656,65201,Καβάλα,,
Καρδίτσας-Καρδίτσα,2441041715 - AB,21.92396,39.36155,43100,Καρδίτσα,Κουμουνδούρου + Παλαιολόγου 46-48,
Καστοριάς-Καστοριά,2467021143,21.25866,40.53415,52100,Καστοριά,Χλόης + Εμπειρίκου,
Κέρκυρας-Κέρκυρα,2661026935 - ΑΒ,19.9015,39.62212,49100,Κέρκυρα,2ο χλμ. Κέρκυρας-Παλαιοκαστρίτσας,
Κέρκυρας-Κέρκυρα-Κοντοκάλι,2661090366 - ΑΒ,19.85201,39.64448,49100,Κέρκυρα,6ο χλμ. Κέρκυρας-Παλαιοκαστρίτσας,
Κέρκυρας-Φαιάκες,2661097959 - Food Market,19.84152,39.70352,,Φαιάκες,,
Κεφαλληνίας-Αργοστόλι,2671027001 - Food Market,20.49033,38.17607,28100,Αργοστόλι,Αντ. Τρίτση,99
Κεφαλληνίας-Ληξούρι,2671093546 - Food Market,20.43884,38.19696,28200,Ληξούρι,Γρ. Λαμπράκη,40
Κεφαλλονιάς-Αργοστόλι,2671027940 - Food Market,20.52839,38.14798,28100,Αργοστόλι,3ο χλμ. Επ. Οδ. Αργοστολίου-Πόρου,
Κοζάνης-Κοζάνη,2461049640 - ΑΒ,21.805,40.30333,50100,Κοζάνη,Βερμίου + Διονύσου,
Κοζάνης-Πτολεμαΐδα,2463082219 - ΑΒ,21.68823,40.5072,50200,Πτολεμαΐδα,1ο χλμ. Πτολεμαΐδας-Κοζάνης,
Κορινθίας-Βραχάτι,2741050300 - Food Market,22.79828,37.9576,20006,Βραχάτι,ΠΕΟ Κορίνθου-Πατρών,
Κορινθίας-Ισθμός,2741025501 - ΑΒ,22.99465,37.92541,20300,Ισθμός,Π.Ε.Ο. Κορίνθου-Αθήνας,
Κορινθίας-Κιάτο,2742021213 - ΑΒ,22.74368,38.01175,20200,Κιάτο,Πετμεζά,36
Κορινθίας-Κόρινθος,2741085281 - ΑΒ,22.93235,37.93992,20100,Κόρινθος,Κολοκοτρώνη,10
Κορινθίας-Κόρινθος,2741080894 - ΑΒ,22.91515,37.93495,20100,Κόρινθος,ΠΕΟ Κορίνθου-Πατρών,91
Κυκλάδων-Άνδρος-Γαύριο,2282071770 - Food Market,24.73703,37.88509,84500,Γαύριο Άνδρου,Προς Λιμάνι,
Κυκλάδων-Άνδρος-Μπατσί,2282042379 - Food Market,24.78829,37.86227,84500,Μπατσί Άνδρου,Γαυρίου-Μπατσίου,
Λακωνίας-Σπάρτη,2731081751 - ΑΒ,22.4278,37.07685,23100,Σπάρτη,Θερμοπυλών,104
Λακωνίας-Σπάρτη,2731089406 - ΑΒ,22.4343,37.05734,23100,Σπάρτη,1ο χλμ. Σπάρτης-Γυθείου + Μεσ/γιου,
Λάρισας-Λάρισα,2410670690 - ΑΒ,22.42633,39.62156,41335,Λάρισα,Φαρσάλων,111
Λάρισας-Λάρισα,2410532279 - ΑΒ,22.40869,39.64002,41222,Λάρισα,Καλλιθέας,17
Λέσβου-Λέσβος-Μυτιλήνη,2251037756 - ΑΒ,26.55524,39.10219,81100,Μυτιλήνη,Σμύρνης,5
Λέσβου-Λήμνος-Μύρινα,2254020107 - ΑΒ,25.06724,39.88167,81400,Λήμνος,Λεωφ. Δημοκρατίας,48
Λευκάδας-Λευκάδα-Φύσσες,2645020113 - ΑΒ,20.71158,38.82465,31100,Λευκάδα,Πάρ. Φιλοσόφων,
Μαγνησίας-Βόλος,2421021198 - ΑΒ,22.96232,39.35306,38222,Βόλος,Πολυμέρη,163
Μαγνησίας-Βόλος,2421091081 - AB,22.93949,39.3808,38446,Βόλος,Φυτόκου + Σκοπέλου,
Μαγνησίας-Βόλος,2421032412 - ΑΒ,22.9396,39.36535,38333,Βόλος,2ας Νοεμβρίου,107
Μεσσηνίας-Γαργαλιάνοι,2763022007 - Food Market,21.63632,37.06705,24400,Γαργαλιάνοι,Νικ. Σκιαδά,3
Μεσσηνίας-Γαργαλιάνοι,2763022233 - Food Market,21.63995,37.06075,24400,Γαργαλιάνοι,Νικολοπούλου,21
Μεσσηνίας-Καλαμάτα,2721060091 - ΑΒ,22.10841,37.03985,24100,Καλαμάτα,Αρτέμιδος,118
Μεσσηνίας-Καλαμάτα,2721023116 - ΑΒ,22.10954,37.03298,24100,Καλαμάτα,Ψαρρών + Μακεδονίας,
Μεσσηνίας-Καλαμάτα,2721092811 - ΑΒ,22.11209,37.02756,24100,Καλαμάτα,Κρήτης,13
Μεσσηνίας-Φιλιατρά,2761033835 - Food Market,21.58219,37.16473,24300,Φιλιατρά,1ο χλμ. Ε.Ο. Φιαλιατρών-Κυπαρισσίας,
Πέλλας-Γιαννιτσά,2382027247 - ΑΒ,22.41278,40.78648,58100,Γιαννιτσά,Φιλίππου,34
Πιερίας-Κατερίνη,2351037540 - ΑΒ,22.5148,40.27422,60100,Κατερίνη,Ν. Δίκα,
Ροδόπης-Κομοτηνή,2531023315 - ΑΒ,25.39011,41.12679,69100,Κομοτηνή,Εθν. Αντιστάσεως + Παπανδρέου,
Ροδόπης-Σάπες,2532021074 - ΑΒ,25.68879,41.02649,69300,Σάπες,Επ. Οδός Κομοτηνής-Αλεξ/πολης,
Σερρών-Σέρρες,2321039445 - ΑΒ,23.54024,41.07927,62122,Σέρρες,Μεραρχίας,132
Τρικάλων-Τρίκαλα,2431025072 - ΑΒ,21.77688,39.54412,42100,Τρίκαλα,Καρδίτσης,65
Τρικάλων-Τρίκαλα,2431025013 - ΑΒ,21.76004,39.54395,42100,Τρίκαλα,Πύλης,39
Φθιώτιδας-Λαμία,2231050970 - ΑΒ,22.44376,38.89531,35100,Λαμία,Θερμοπυλών + Καλαμά + Δοϊράνης,
Φλώρινας-Φλώρινα,2385044713 - ΑΒ,21.43601,40.79324,53100,Φλώρινα,2ο χλμ. Φλώρινας-Κοζάνης,
Χανίων-Χανιά,2821090806 - ΑΒ,23.99293,35.50743,73100,Χανιά,2ο χλμ. ΠΕΟ Χανίων-Κστελλίου,
Χανίων-Χανιά,2821083005 - ΑΒ,24.04365,35.50002,73134,Χανιά,Δεληγιαννάκη,112
